team_id,team,group,rating,attack_posterior_mean,defense_posterior_mean,matches_observed_2026,goals_for_observed_2026,goals_against_observed_2026,players,avg_age,total_caps,total_international_goals,p_top2,p_advance_group,p_champion_rough,data_version
czech-republic,Czech Republic,Group A,1550.5,1.117,1.562,3,2,6,26,27.23,723,98,0.0,0.0,0.0,wc26-20260627T125010z
mexico,Mexico,Group A,1648.4,1.824,0.607,3,6,0,26,27.5,1215,117,1.0,1.0,0.0325,wc26-20260627T125010z
south-africa,South Africa,Group A,1567.0,1.138,1.116,3,2,3,26,26.35,483,61,1.0,1.0,0.0259,wc26-20260627T125010z
south-korea,South Korea,Group A,1508.8,1.065,1.181,3,2,3,26,27.46,958,143,0.0,0.4516,0.0095,wc26-20260627T125010z
bosnia-and-herzegovina,Bosnia & Herzegovina,Group B,1568.8,1.569,1.543,3,5,6,26,25.96,597,93,0.0,1.0,0.026,wc26-20260627T125010z
canada,Canada,Group B,1532.7,1.952,1.153,3,8,3,26,26.46,953,133,1.0,1.0,0.0231,wc26-20260627T125010z
qatar,Qatar,Group B,1525.4,1.086,2.162,3,2,10,26,28.92,1425,208,0.0,0.0,0.0,wc26-20260627T125010z
switzerland,Switzerland,Group B,1615.4,1.919,1.067,3,7,3,26,27.81,1132,124,1.0,1.0,0.0298,wc26-20260627T125010z
brazil,Brazil,Group C,1800.3,2.221,0.623,3,7,1,26,28.81,916,152,1.0,1.0,0.0449,wc26-20260627T125010z
haiti,Haiti,Group C,1506.5,1.063,1.898,3,2,8,26,27.0,624,115,0.0,0.0,0.0,wc26-20260627T125010z
morocco,Morocco,Group C,1604.3,1.76,1.078,3,6,3,26,26.12,698,98,1.0,1.0,0.0289,wc26-20260627T125010z
scotland,Scotland,Group C,1532.8,0.952,1.296,3,1,4,26,28.73,973,98,0.0,0.0036,0.0001,wc26-20260627T125010z
australia,Australia,Group D,1541.5,1.106,1.001,3,2,2,26,26.88,734,74,1.0,1.0,0.0238,wc26-20260627T125010z
paraguay,Paraguay,Group D,1575.1,1.149,1.251,3,2,4,26,28.5,690,53,0.0,1.0,0.0265,wc26-20260627T125010z
turkey,Turkey,Group D,1584.8,1.305,1.383,3,3,5,26,27.23,970,97,0.0,0.0,0.0,wc26-20260627T125010z
usa,USA,Group D,1578.0,2.01,1.247,3,8,4,26,26.42,962,125,1.0,1.0,0.0268,wc26-20260627T125010z
cura-ao,Curaçao,Group E,1557.5,0.983,1.983,3,1,9,26,27.54,618,73,0.0,0.0,0.0,wc26-20260627T125010z
ecuador,Ecuador,Group E,1608.2,1.194,0.931,3,2,2,26,25.58,771,95,0.0,1.0,0.0292,wc26-20260627T125010z
germany,Germany,Group E,1777.1,2.607,1.069,3,10,4,26,27.62,844,105,1.0,1.0,0.043,wc26-20260627T125010z
ivory-coast,Ivory Coast,Group E,1595.8,1.463,0.944,3,4,2,26,25.35,703,83,1.0,1.0,0.0282,wc26-20260627T125010z
japan,Japan,Group F,1595.9,1.891,1.086,3,7,3,26,26.92,796,110,1.0,1.0,0.0282,wc26-20260627T125010z
netherlands,Netherlands,Group F,1820.3,2.688,1.037,3,10,4,26,27.31,861,153,1.0,1.0,0.0465,wc26-20260627T125010z
sweden,Sweden,Group F,1641.1,1.956,1.614,3,7,7,26,27.0,519,65,0.0,1.0,0.0319,wc26-20260627T125010z
tunisia,Tunisia,Group F,1487.2,1.04,2.492,3,2,12,26,26.15,582,43,0.0,0.0,0.0,wc26-20260627T125010z
belgium,Belgium,Group G,1671.7,1.859,0.871,3,6,2,26,27.12,1085,214,1.0,1.0,0.0344,wc26-20260627T125010z
egypt,Egypt,Group G,1545.5,1.539,1.139,3,5,3,26,28.69,821,126,1.0,1.0,0.0241,wc26-20260627T125010z
iran,Iran,Group G,1527.9,1.232,1.159,3,3,3,26,29.81,1170,150,0.0,0.9268,0.021,wc26-20260627T125010z
new-zealand,New Zealand,Group G,1526.4,1.373,2.16,3,4,10,26,27.77,825,106,0.0,0.0,0.0,wc26-20260627T125010z
cape-verde,Cape Verde,Group H,1585.2,1.163,0.954,3,2,2,26,29.23,824,75,1.0,1.0,0.0274,wc26-20260627T125010z
saudi-arabia,Saudi Arabia,Group H,1489.4,0.9,1.489,3,1,5,26,27.96,927,96,0.0,0.0,0.0,wc26-20260627T125010z
spain,Spain,Group H,1702.6,1.765,0.558,3,5,0,26,26.19,743,117,1.0,1.0,0.0369,wc26-20260627T125010z
uruguay,Uruguay,Group H,1607.7,1.336,1.217,3,3,4,26,28.19,933,74,0.0,0.0,0.0,wc26-20260627T125010z
france,France,Group I,1801.0,2.651,0.765,3,10,2,26,26.58,803,100,1.0,1.0,0.045,wc26-20260627T125010z
iraq,Iraq,Group I,1504.2,0.917,2.472,3,1,12,26,26.42,827,89,0.0,0.0,0.0,wc26-20260627T125010z
norway,Norway,Group I,1618.1,2.065,1.636,3,8,7,26,26.35,801,121,1.0,1.0,0.03,wc26-20260627T125010z
senegal,Senegal,Group I,1606.4,2.049,1.504,3,8,6,26,26.62,985,131,0.0,1.0,0.0291,wc26-20260627T125010z
algeria,Algeria,Group J,1567.9,1.33,1.468,2,2,4,26,26.46,778,122,0.316,0.5768,0.015,wc26-20260627T125010z
argentina,Argentina,Group J,1770.8,2.195,0.586,2,5,0,26,28.69,1251,223,1.0,1.0,0.0425,wc26-20260627T125010z
austria,Austria,Group J,1592.9,1.535,1.271,2,3,3,26,28.19,1003,149,0.684,0.8088,0.0226,wc26-20260627T125010z
jordan,Jordan,Group J,1558.9,1.316,1.646,2,2,5,26,28.08,1063,92,0.0,0.0344,0.0009,wc26-20260627T125010z
colombia,Colombia,Group K,1649.4,1.796,0.873,2,4,1,26,29.58,1042,108,1.0,1.0,0.0326,wc26-20260627T125010z
dr-congo,DR Congo,Group K,1575.5,1.175,1.125,2,1,2,26,28.5,796,82,0.0052,0.4668,0.0124,wc26-20260627T125010z
portugal,Portugal,Group K,1670.9,2.167,0.85,2,6,1,26,27.54,1160,259,0.9948,1.0,0.0343,wc26-20260627T125010z
uzbekistan,Uzbekistan,Group K,1557.5,1.147,2.147,2,1,8,26,27.69,834,116,0.0,0.0008,0.0,wc26-20260627T125010z
croatia,Croatia,Group L,1652.9,1.635,1.37,2,3,4,26,27.88,1160,153,0.3376,0.6828,0.0224,wc26-20260627T125010z
england,England,Group L,1700.3,1.888,0.987,2,4,2,26,26.73,837,149,0.992,1.0,0.0367,wc26-20260627T125010z
ghana,Ghana,Group L,1576.6,1.176,0.79,2,1,0,26,26.42,561,67,0.6704,1.0,0.0266,wc26-20260627T125010z
panama,Panama,Group L,1524.9,0.932,1.189,2,0,2,26,30.0,1541,126,0.0,0.0476,0.0011,wc26-20260627T125010z
