match_id,team1,team2,home_win,draw,away_win,expected_goals_home,expected_goals_away,data_version
wc26-001,Mexico,South Africa,0.5455,0.2695,0.185,1.442,0.714,wc26-20260703T195418z
wc26-002,South Korea,Czech Republic,0.3974,0.2732,0.3293,1.29,1.148,wc26-20260703T195418z
wc26-003,Czech Republic,South Africa,0.3309,0.2793,0.3899,1.116,1.237,wc26-20260703T195418z
wc26-004,Mexico,South Korea,0.5484,0.2639,0.1877,1.484,0.745,wc26-20260703T195418z
wc26-005,Czech Republic,Mexico,0.1643,0.2363,0.5994,0.762,1.706,wc26-20260703T195418z
wc26-006,South Africa,South Korea,0.3492,0.2941,0.3567,1.075,1.09,wc26-20260703T195418z
wc26-007,Canada,Bosnia & Herzegovina,0.5061,0.2374,0.2564,1.727,1.162,wc26-20260703T195418z
wc26-008,Qatar,Switzerland,0.1768,0.2071,0.6162,1.0,2.05,wc26-20260703T195418z
wc26-009,Switzerland,Bosnia & Herzegovina,0.5267,0.2338,0.2395,1.772,1.119,wc26-20260703T195418z
wc26-010,Canada,Qatar,0.5962,0.2128,0.191,1.999,1.039,wc26-20260703T195418z
wc26-011,Switzerland,Canada,0.3907,0.258,0.3513,1.392,1.306,wc26-20260703T195418z
wc26-012,Bosnia & Herzegovina,Qatar,0.4663,0.2366,0.2971,1.712,1.323,wc26-20260703T195418z
wc26-013,Brazil,Morocco,0.4822,0.256,0.2619,1.53,1.056,wc26-20260703T195418z
wc26-014,Haiti,Scotland,0.3258,0.2678,0.4064,1.173,1.343,wc26-20260703T195418z
wc26-015,Scotland,Morocco,0.2579,0.2624,0.4797,1.005,1.473,wc26-20260703T195418z
wc26-016,Brazil,Haiti,0.6533,0.2019,0.1448,2.045,0.841,wc26-20260703T195418z
wc26-017,Scotland,Brazil,0.1742,0.239,0.5868,0.796,1.69,wc26-20260703T195418z
wc26-018,Morocco,Haiti,0.5424,0.2328,0.2248,1.782,1.062,wc26-20260703T195418z
wc26-019,USA,Paraguay,0.4798,0.2516,0.2686,1.568,1.108,wc26-20260703T195418z
wc26-020,Australia,Turkey,0.3839,0.2777,0.3384,1.236,1.143,wc26-20260703T195418z
wc26-021,USA,Australia,0.4466,0.2645,0.2889,1.425,1.091,wc26-20260703T195418z
wc26-022,Turkey,Paraguay,0.3662,0.2693,0.3645,1.258,1.254,wc26-20260703T195418z
wc26-023,Turkey,USA,0.2706,0.2415,0.488,1.186,1.675,wc26-20260703T195418z
wc26-024,Paraguay,Australia,0.3329,0.289,0.3781,1.067,1.158,wc26-20260703T195418z
wc26-025,Germany,Curaçao,0.637,0.1963,0.1668,2.179,1.023,wc26-20260703T195418z
wc26-026,Ivory Coast,Ecuador,0.3993,0.2839,0.3168,1.223,1.057,wc26-20260703T195418z
wc26-027,Germany,Ivory Coast,0.4662,0.2457,0.2881,1.614,1.217,wc26-20260703T195418z
wc26-028,Ecuador,Curaçao,0.4621,0.2662,0.2717,1.428,1.028,wc26-20260703T195418z
wc26-029,Curaçao,Ivory Coast,0.2357,0.244,0.5203,1.033,1.66,wc26-20260703T195418z
wc26-030,Ecuador,Germany,0.2471,0.249,0.5038,1.046,1.606,wc26-20260703T195418z
wc26-031,Netherlands,Japan,0.4621,0.2351,0.3028,1.724,1.356,wc26-20260703T195418z
wc26-032,Sweden,Tunisia,0.5345,0.2127,0.2528,2.057,1.365,wc26-20260703T195418z
wc26-033,Netherlands,Sweden,0.5526,0.2092,0.2382,2.103,1.327,wc26-20260703T195418z
wc26-034,Tunisia,Japan,0.1953,0.2058,0.5989,1.119,2.101,wc26-20260703T195418z
wc26-035,Japan,Sweden,0.4598,0.23,0.3103,1.783,1.431,wc26-20260703T195418z
wc26-036,Tunisia,Netherlands,0.1397,0.1719,0.6884,1.038,2.478,wc26-20260703T195418z
wc26-037,Belgium,Egypt,0.4207,0.2559,0.3234,1.461,1.249,wc26-20260703T195418z
wc26-038,Iran,New Zealand,0.4603,0.2435,0.2962,1.63,1.261,wc26-20260703T195418z
wc26-039,Belgium,Iran,0.4535,0.2595,0.2871,1.474,1.117,wc26-20260703T195418z
wc26-040,New Zealand,Egypt,0.2623,0.2294,0.5083,1.251,1.823,wc26-20260703T195418z
wc26-041,Egypt,Iran,0.402,0.2678,0.3302,1.336,1.184,wc26-20260703T195418z
wc26-042,New Zealand,Belgium,0.2194,0.2144,0.5662,1.18,2.011,wc26-20260703T195418z
wc26-043,Spain,Cape Verde,0.514,0.2803,0.2056,1.36,0.747,wc26-20260703T195418z
wc26-044,Saudi Arabia,Uruguay,0.2794,0.2673,0.4533,1.046,1.41,wc26-20260703T195418z
wc26-045,Spain,Saudi Arabia,0.6254,0.2342,0.1404,1.698,0.657,wc26-20260703T195418z
wc26-046,Uruguay,Cape Verde,0.3442,0.2822,0.3737,1.129,1.189,wc26-20260703T195418z
wc26-047,Cape Verde,Saudi Arabia,0.456,0.281,0.263,1.315,0.926,wc26-20260703T195418z
wc26-048,Uruguay,Spain,0.1954,0.2576,0.547,0.801,1.535,wc26-20260703T195418z
wc26-049,France,Senegal,0.5796,0.2103,0.2101,2.059,1.165,wc26-20260703T195418z
wc26-050,Iraq,Norway,0.19,0.1947,0.6154,1.19,2.263,wc26-20260703T195418z
wc26-051,France,Iraq,0.7623,0.148,0.0897,2.588,0.78,wc26-20260703T195418z
wc26-052,Norway,Senegal,0.3945,0.2201,0.3854,1.8,1.778,wc26-20260703T195418z
wc26-053,Norway,France,0.2133,0.2114,0.5753,1.173,2.047,wc26-20260703T195418z
wc26-054,Senegal,Iraq,0.6109,0.196,0.1931,2.248,1.197,wc26-20260703T195418z
wc26-055,Argentina,Algeria,0.6236,0.2089,0.1675,2.008,0.933,wc26-20260703T195418z
wc26-056,Austria,Jordan,0.4254,0.2355,0.3391,1.671,1.47,wc26-20260703T195418z
wc26-057,Argentina,Austria,0.6084,0.2118,0.1798,1.995,0.984,wc26-20260703T195418z
wc26-058,Jordan,Algeria,0.3576,0.2398,0.4026,1.48,1.583,wc26-20260703T195418z
wc26-059,Algeria,Austria,0.3614,0.2363,0.4023,1.525,1.62,wc26-20260703T195418z
wc26-060,Jordan,Argentina,0.1537,0.2017,0.6446,0.899,2.071,wc26-20260703T195418z
wc26-061,Portugal,DR Congo,0.4866,0.2579,0.2555,1.516,1.022,wc26-20260703T195418z
wc26-062,Uzbekistan,Colombia,0.1782,0.2215,0.6003,0.911,1.875,wc26-20260703T195418z
wc26-063,Portugal,Uzbekistan,0.6427,0.2015,0.1559,2.079,0.913,wc26-20260703T195418z
wc26-064,Colombia,DR Congo,0.448,0.2723,0.2797,1.367,1.019,wc26-20260703T195418z
wc26-065,Colombia,Portugal,0.3291,0.2855,0.3854,1.077,1.19,wc26-20260703T195418z
wc26-066,DR Congo,Uzbekistan,0.519,0.2332,0.2479,1.78,1.159,wc26-20260703T195418z
wc26-067,England,Croatia,0.4863,0.2437,0.27,1.65,1.168,wc26-20260703T195418z
wc26-068,Ghana,Panama,0.4413,0.2936,0.265,1.222,0.877,wc26-20260703T195418z
wc26-069,England,Ghana,0.4585,0.2727,0.2688,1.375,0.984,wc26-20260703T195418z
wc26-070,Panama,Croatia,0.2742,0.2635,0.4623,1.052,1.449,wc26-20260703T195418z
wc26-071,Panama,England,0.1919,0.2503,0.5578,0.82,1.597,wc26-20260703T195418z
wc26-072,Croatia,Ghana,0.3619,0.2693,0.3688,1.248,1.263,wc26-20260703T195418z
wc26-073,South Africa,Canada,0.2592,0.2665,0.4743,0.987,1.436,wc26-20260703T195418z
wc26-074,Germany,Paraguay,0.515,0.2397,0.2453,1.705,1.101,wc26-20260703T195418z
wc26-075,Netherlands,Morocco,0.4451,0.243,0.3119,1.618,1.317,wc26-20260703T195418z
wc26-076,Brazil,Japan,0.5001,0.2464,0.2535,1.63,1.087,wc26-20260703T195418z
wc26-077,France,Sweden,0.6331,0.1954,0.1715,2.206,1.062,wc26-20260703T195418z
wc26-078,Ivory Coast,Norway,0.3699,0.2445,0.3856,1.466,1.501,wc26-20260703T195418z
wc26-079,Mexico,Ecuador,0.5339,0.2728,0.1933,1.416,0.732,wc26-20260703T195418z
wc26-080,England,DR Congo,0.476,0.2549,0.2691,1.535,1.088,wc26-20260703T195418z
wc26-081,USA,Bosnia & Herzegovina,0.5143,0.2307,0.255,1.808,1.209,wc26-20260703T195418z
wc26-082,Belgium,Senegal,0.4412,0.234,0.3248,1.712,1.44,wc26-20260703T195418z
wc26-083,Portugal,Croatia,0.4975,0.2463,0.2561,1.63,1.097,wc26-20260703T195418z
wc26-084,Spain,Austria,0.6029,0.2256,0.1715,1.821,0.852,wc26-20260703T195418z
wc26-085,Switzerland,Algeria,0.5419,0.2281,0.23,1.838,1.119,wc26-20260703T195418z
wc26-086,Argentina,Cape Verde,0.5192,0.2628,0.218,1.489,0.863,wc26-20260703T195418z
wc26-087,Colombia,Ghana,0.4311,0.291,0.2778,1.225,0.922,wc26-20260703T195418z
wc26-088,Australia,Egypt,0.3316,0.2785,0.3899,1.122,1.241,wc26-20260703T195418z
wc26-089,Paraguay,France,0.1762,0.2268,0.597,0.869,1.814,wc26-20260703T195418z
wc26-090,Canada,Morocco,0.3965,0.2581,0.3454,1.402,1.291,wc26-20260703T195418z
wc26-091,Brazil,Norway,0.5304,0.2278,0.2418,1.845,1.175,wc26-20260703T195418z
wc26-092,Mexico,England,0.4217,0.2832,0.2951,1.261,1.005,wc26-20260703T195418z
wc26-093,Portugal,Spain,0.2901,0.2913,0.4187,0.953,1.208,wc26-20260703T195418z
wc26-094,USA,Belgium,0.3778,0.25,0.3722,1.434,1.421,wc26-20260703T195418z
